,Titulo,Tamanho,Bom,Nao_Bom,Ruim,Nao_Ruim,Comida,Atendimento,Pre√ßo,Lugar,Outros
0,√ìtimo Restaurante/Caf√©,22,0,0,0,0,0,0,0,0,0
1,Melhor a√ßai de bras√≠lia!!,25,0,0,0,0,0,0,0,0,0
2,Avalia√ß√£o Loja de √Åguas Claras,30,0,0,0,0,0,0,0,0,0
3,Boa programa√ß√£o musical,23,0,0,0,0,0,0,0,0,0
4,Bom para curtir uma feijoada.,29,0,0,0,0,0,0,0,0,0
5,Cerveja gelada e √≥tima m√∫sica,29,0,0,0,0,0,0,0,0,0
6,Cerveja gelada  noite quente,28,0,0,0,0,0,0,0,0,0
7,Brownie e caf√©s perfeitos ,26,0,0,0,0,0,0,0,0,0
8,Melhor gastropub de Bras√≠lia,28,0,0,0,0,0,0,0,0,0
9,Vale a pena conhecer!,21,0,0,0,0,0,0,0,0,0
10,Queijos produzidos no Brasil ,29,0,0,0,0,0,0,0,0,0
11,Bom  diferente e caro,21,0,0,0,0,0,0,0,0,0
12,Perfei√ß√£o em forma de doce,26,0,0,0,0,0,0,0,0,0
13,Melhor bolo de chocolate,24,0,0,0,0,0,0,0,0,0
14,Bom caf√© e √≥timo atendimento,28,0,0,0,0,0,0,0,0,0
15,Muito bom para um caf√©,22,0,0,0,0,0,0,0,0,0
16,√ìtimas op√ß√µes e bom atendimento,31,0,0,0,0,0,0,0,0,0
17,Excelente para um fim de tarde...,33,0,0,0,0,0,0,0,0,0
18,Um √≥timo lugar no Sudoeste,26,0,0,0,0,0,0,0,0,0
19,Local muito agrad√°vel e boa comida,34,0,0,0,0,0,0,0,0,0
20,Boa op√ß√£o do Sudoeste,21,0,0,0,0,0,0,0,0,0
21,Melhor croissant de Bras√≠lia,28,0,0,0,0,0,0,0,0,0
22,Croissant maravilhoso,21,0,0,0,0,0,0,0,0,0
23,Pre√ßo justo comida de qualidade ,32,0,0,0,0,0,0,0,0,0
24,Grande variedade e saboroso!,28,0,0,0,0,0,0,0,0,0
25,Excelente comida!!!!!,21,0,0,0,0,0,0,0,0,0
26,Excelente comida e atendimento. ,32,0,0,0,0,0,0,0,0,0
27,Melhor op√ß√£o no Sudoeste!!!,27,0,0,0,0,0,0,0,0,0
28,O melhor self service de Brasilia,33,0,0,0,0,0,0,0,0,0
29,Alto n√≠vel e descolado!,23,0,0,0,0,0,0,0,0,0
30,Para motociclistas ou n√£o!,26,0,0,0,0,0,0,0,0,0
31,Gosta de Moto e Rock ?,22,0,0,0,0,0,0,0,0,0
32,Muita op√ß√£o de salada,21,0,0,0,0,0,0,0,0,0
33,Comida muito boa  mas cara...,29,0,0,0,0,0,0,0,0,0
34,comida goiana muito boa...,26,0,0,0,0,0,0,0,0,0
35,Self Service incr√≠vel!!!,24,0,0,0,0,0,0,0,0,0
36,M√∫sica ao vivo e bons petiscos,30,0,0,0,0,0,0,0,0,0
37,Um dos melhores bares de Bras√≠lia,33,0,0,0,0,0,0,0,0,0
38,Muito animado comida boa,24,0,0,0,0,0,0,0,0,0
39,√ìtima op√ß√£o no sudoeste,23,0,0,0,0,0,0,0,0,0
40,Ponto forte no atendimento,26,0,0,0,0,0,0,0,0,0
41,Cervejas e petiscos Aben√ßoados!,31,0,0,0,0,0,0,0,0,0
42,Confort√°vel para passar o tempo,31,0,0,0,0,0,0,0,0,0
43,Boa op√ß√£o para um aeroporto ,28,0,0,0,0,0,0,0,0,0
44,√ìtima op√ß√£o no aeroporto!!,26,0,0,0,0,0,0,0,0,0
45,√ìtima op√ß√£o no aeroporto,24,0,0,0,0,0,0,0,0,0
46,Bar para todas as tribos,24,0,0,0,0,0,0,0,0,0
47,Despretensioso e agrad√°vel ,27,0,0,0,0,0,0,0,0,0
48,√ìtima op√ß√£o de self service,27,0,0,0,0,0,0,0,0,0
49,Comida variada e muito gostosa,30,0,0,0,0,0,0,0,0,0
50,Comida variada em bom ambiente.,31,0,0,0,0,0,0,0,0,0
51,Aqui sempre √© boa escolha,25,0,0,0,0,0,0,0,0,0
52,Atendimento horr√≠vel ,21,0,0,0,0,0,0,0,0,0
53,Pre√ßo bom com comida bem servida!,33,0,0,0,0,0,0,0,0,0
54,caiu demais a qualidade,23,0,0,0,0,0,0,0,0,0
55,Melhor galeto para levar para casa,34,0,0,0,0,0,0,0,0,0
56,Cafeteria e restaurante simp√°tico,33,0,0,0,0,0,0,0,0,0
57,Comida gostosa a pre√ßo atrativo,31,0,0,0,0,0,0,0,0,0
58,Caro para o que oferece,23,0,0,0,0,0,0,0,0,0
59,Deixa muito a desejar,21,0,0,0,0,0,0,0,0,0
60,Boa comida  p√©ssimo servi√ßo,27,0,0,0,0,0,0,0,0,0
61,Sempre muito bom!! RECOMENDO! ,30,0,0,0,0,0,0,0,0,0
62,Restaurantes frutos do mar.,27,0,0,0,0,0,0,0,0,0
63,Peixada honesta e farta,23,0,0,0,0,0,0,0,0,0
64,Comida gostosa  casa confusa,28,0,0,0,0,0,0,0,0,0
65,Acaraj√© para baianos saudosos,29,0,0,0,0,0,0,0,0,0
66,Lugar simples. Comida muito boa,31,0,0,0,0,0,0,0,0,0
67,Bom pre√ßo  √≥tima comida,23,0,0,0,0,0,0,0,0,0
68,Novidade boa na cidade!,23,0,0,0,0,0,0,0,0,0
69,Voc√™ precisa conhecer Melbourne,31,0,0,0,0,0,0,0,0,0
70,Muito saboroso  um pouco caro.,30,0,0,0,0,0,0,0,0,0
71,P√©ssimo treinamento dado a gar√ßons,34,0,0,0,0,0,0,0,0,0
72,Descontra√≠do e alegre,21,0,0,0,0,0,0,0,0,0
73,Prato Feito super digno,23,0,0,0,0,0,0,0,0,0
74,""" Tem outras op√ß√µes bem melhores """,34,0,0,0,0,0,0,0,0,0
75,Op√ß√£o de almo√ßo bom e barato,28,0,0,0,0,0,0,0,0,0
76,Melhor Costela do Distrito Federal,34,0,0,0,0,0,0,0,0,0
77,Excelente churrasco ga√∫cho,26,0,0,0,0,0,0,0,0,0
78,Pr√°tico  saud√°vel e delicioso!,30,0,0,0,0,0,0,0,0,0
79,Gostoso  leve e pr√°tico!,24,0,0,0,0,0,0,0,0,0
80,Melhor refei√ß√£o congelada!!!,28,0,0,0,0,0,0,0,0,0
81,√ìtima forma de alimenta-se bem,30,0,0,0,0,0,0,0,0,0
82,Comida boa  pre√ßo n√£o,21,0,0,0,0,0,0,0,0,0
83,Atendimento de primeira,23,0,0,0,0,0,0,0,0,0
84,Tapioca boa e atendimento demorado,34,0,0,0,0,0,0,0,0,0
85,√ìtimo atendimento  tapioca boa!,31,0,0,0,0,0,0,0,0,0
86,Vale √† pena conferir!,21,0,0,0,0,0,0,0,0,0
87,Sobremesas deliciosas,21,0,0,0,0,0,0,0,0,0
88,Bom para Pf e cerveja ,22,0,0,0,0,0,0,0,0,0
89,Lugar simples e agrad√°vel ,26,0,0,0,0,0,0,0,0,0
90,Melhor Acaraj√© de Bras√≠lia!,27,0,0,0,0,0,0,0,0,0
91,Comida di Buteco 2015,21,0,0,0,0,0,0,0,0,0
92,Local agrad√°vel  (- atendimento ),33,0,0,0,0,0,0,0,0,0
93,N√£o atendeu a expectativa,25,0,0,0,0,0,0,0,0,0
94,√ìtimo atendimento e comida,26,0,0,0,0,0,0,0,0,0
95,Um dos melhores de BSB!!,24,0,0,0,0,0,0,0,0,0
96,Atendimento Acolhedor,21,0,0,0,0,0,0,0,0,0
97,Entrega o que promete... empada.,32,0,0,0,0,0,0,0,0,0
98,Restaurante do dia-a-dia!,25,0,0,0,0,0,0,0,0,0
99,Almo√ßo de sexta durante expediente,34,0,0,0,0,0,0,0,0,0
100,Boa op√ß√£o e localiza√ß√£o,23,0,0,0,0,0,0,0,0,0
101,√ìtimo custo benef√≠cio,21,0,0,0,0,0,0,0,0,0
102,COMIDA GOSTOSA  PRE√áO HONESTO! :),33,0,0,0,0,0,0,0,0,0
103,p√£o de queijo sempre faz sucesso,32,0,0,0,0,0,0,0,0,0
104,Excelente p√£o de queijo,23,0,0,0,0,0,0,0,0,0
105,√ìtimo Custo Benef√≠cio,21,0,0,0,0,0,0,0,0,0
106,Id√™ntico ao italiano!,21,0,0,0,0,0,0,0,0,0
107,Simples mas delicioso,21,0,0,0,0,0,0,0,0,0
108,Cerveja com os amigos,21,0,0,0,0,0,0,0,0,0
109,Buteco com boas op√ß√µes de petisco,33,0,0,0,0,0,0,0,0,0
110,Bons sushis  pre√ßo justo,24,0,0,0,0,0,0,0,0,0
111,Novo card√°pio est√° √≥timo!,25,0,0,0,0,0,0,0,0,0
112,Super a desejar...uma pena,26,0,0,0,0,0,0,0,0,0
113,Churrasco para almo√ßo,21,0,0,0,0,0,0,0,0,0
114,Alguns pratos est√£o acima da m√©dia,34,0,0,0,0,0,0,0,0,0
115,Lugar simples  comida deliciosa!,32,0,0,0,0,0,0,0,0,0
116,√ìtima comida self service,25,0,0,0,0,0,0,0,0,0
117,Bom restaurante a quilo,23,0,0,0,0,0,0,0,0,0
118,Bom  mas sem encantar,21,0,0,0,0,0,0,0,0,0
119,Tradicional e Familiar,22,0,0,0,0,0,0,0,0,0
120,Excelente op√ß√£o de almo√ßo,25,0,0,0,0,0,0,0,0,0
121,Bom ambiente e bem caro,23,0,0,0,0,0,0,0,0,0
122,Cozinha variada e certo agito,29,0,0,0,0,0,0,0,0,0
123,Delicioso pastel de angu,24,0,0,0,0,0,0,0,0,0
124,Bom  mas j√° foi melhor...,25,0,0,0,0,0,0,0,0,0
125,Bom para o almo√ßo di√°rio,24,0,0,0,0,0,0,0,0,0
126,gar√ßom....por favor!!!!!,24,0,0,0,0,0,0,0,0,0
127,Comida boa a pre√ßo justo,24,0,0,0,0,0,0,0,0,0
128,Caf√© para o meio da manh√£ ou tarde,34,0,0,0,0,0,0,0,0,0
129,Precisa melhorar o antendimento,31,0,0,0,0,0,0,0,0,0
130,o melhor caf√© goutmet,21,0,0,0,0,0,0,0,0,0
131,Diversificado e pr√°tico,23,0,0,0,0,0,0,0,0,0
132,A conta ainda n√£o veio,22,0,0,0,0,0,0,0,0,0
133,Um bom caf√© no Bras√≠lia Shopping,32,0,0,0,0,0,0,0,0,0
134,Bom cafe e lanches variados,27,0,0,0,0,0,0,0,0,0
135,Excelente restaurante fitness!,30,0,0,0,0,0,0,0,0,0
136,A proprietaria grossa!,22,0,0,0,0,0,0,0,0,0
137,Comida leve e saborosa!,23,0,0,0,0,0,0,0,0,0
138,Almo√ßo custo benef√≠cio ruim,27,0,0,0,0,0,0,0,0,0
139,Muito boa descoberta no almo√ßo,30,0,0,0,0,0,0,0,0,0
140,Comida boa  atendimento nem tanto.,34,0,0,0,0,0,0,0,0,0
141,Diferente e √ìtima op√ß√£o!!!,26,0,0,0,0,0,0,0,0,0
142,Comidinha Nordestina TOP DEMAIS,31,0,0,0,0,0,0,0,0,0
143,"Lugar como o nome diz ""vexado""",30,0,0,0,0,0,0,0,0,0
144,Melhor fil√© mignon de Bras√≠lia,30,0,0,0,0,0,0,0,0,0
145,Excelente ambiente e gastronomia ,33,0,0,0,0,0,0,0,0,0
146,√ìtima op√ß√£o e com pre√ßo justo.,30,0,0,0,0,0,0,0,0,0
147,Restaurante com boa comida,26,0,0,0,0,0,0,0,0,0
148,A comida √© uma del√≠cia!,23,0,0,0,0,0,0,0,0,0
149,Comida boa mas muito demorado,29,0,0,0,0,0,0,0,0,0
150,Sanduichinhos e sanduich√µes,27,0,0,0,0,0,0,0,0,0
151,O Verdadeiro X-Ga√∫cho,21,0,0,0,0,0,0,0,0,0
152,Sandu√≠ches deliciosos!!!,24,0,0,0,0,0,0,0,0,0
153,Boa pedida sanduiches diferentes,32,0,0,0,0,0,0,0,0,0
154,Comida caseira e gostosa,24,0,0,0,0,0,0,0,0,0
155,Destaque para os milkshakes,27,0,0,0,0,0,0,0,0,0
156,Gerente comeu meu pedido!!!,27,0,0,0,0,0,0,0,0,0
157,Hamb√∫rguer Delicioso! ,22,0,0,0,0,0,0,0,0,0
158,√ìtima comida e atendimento!!!,29,0,0,0,0,0,0,0,0,0
159,Comida caseira e gostosa!,25,0,0,0,0,0,0,0,0,0
160,Comida Caseira a quilo,22,0,0,0,0,0,0,0,0,0
161,Comida caseira na hora do almo√ßo,32,0,0,0,0,0,0,0,0,0
162,Melhor self-service do Guar√° ,29,0,0,0,0,0,0,0,0,0
163,Acompanhamentos perfeitos,25,0,0,0,0,0,0,0,0,0
164,Diferente e excelente,21,0,0,0,0,0,0,0,0,0
165,N√£o √© um almo√ßo  √© um investimento,34,0,0,0,0,0,0,0,0,0
166,Comida e servi√ßo sofr√≠veis,26,0,0,0,0,0,0,0,0,0
167,Melhor custo-benef√≠cio,22,0,0,0,0,0,0,0,0,0
168,Salgados gostosos e bom pre√ßo,29,0,0,0,0,0,0,0,0,0
169,√ìtimos salgados e sobremesas,28,0,0,0,0,0,0,0,0,0
170,Cheeseburger delicioso,22,0,0,0,0,0,0,0,0,0
171,Bom custo X benef√≠cio,21,0,0,0,0,0,0,0,0,0
172,Sandu√≠ches caprichados e saborosos,34,0,0,0,0,0,0,0,0,0
173,O melhor Dog de Bras√≠llia!!!!,29,0,0,0,0,0,0,0,0,0
174,J√° foi um restaurante bom,25,0,0,0,0,0,0,0,0,0
175,Bom para curtir a night,23,0,0,0,0,0,0,0,0,0
176,JARDINS  UM O√ÅSIS NO SAAN,25,0,0,0,0,0,0,0,0,0
177,Comida demorada e atendimento ruim,34,0,0,0,0,0,0,0,0,0
178,Ambiente agrad√°vel!!!,21,0,0,0,0,0,0,0,0,0
179,Restaurante  caf√©  etc,22,0,0,0,0,0,0,0,0,0
180,Excelente atendimento,21,0,0,0,0,0,0,0,0,0
181,P√© sujo com cerveja barata,26,0,0,0,0,0,0,0,0,0
182,P√© sujo com cerveja barata,26,0,0,0,0,0,0,0,0,0
183,Amo a parmegiana que eles fazem,31,0,0,0,0,0,0,0,0,0
184,Bom atendimento e pre√ßo justo,29,0,0,0,0,0,0,0,0,0
185,Boa op√ß√£o para almo√ßo,21,0,0,0,0,0,0,0,0,0
186,Brownie de todo jeito,21,0,0,0,0,0,0,0,0,0
187,Melhor loja de doces em Bras√≠lia ,33,0,0,0,0,0,0,0,0,0
188,N√£o tinha a sobremesa principal ,32,0,0,0,0,0,0,0,0,0
189,Um restaurante sofisticado,26,0,0,0,0,0,0,0,0,0
190,Boa op√ß√£o para o almo√ßo ,24,0,0,0,0,0,0,0,0,0
191,Sabor e apresenta√ß√£o ,21,0,0,0,0,0,0,0,0,0
192,Comida da roca - mineira,24,0,0,0,0,0,0,0,0,0
193,Chopp agrad√°vel no fim de noite,31,0,0,0,0,0,0,0,0,0
194,Podia ser muito mlhor,21,0,0,0,0,0,0,0,0,0
195,Cervejaria com uma extensa carta,32,0,0,0,0,0,0,0,0,0
196,Bom para anivers√°rios,21,0,0,0,0,0,0,0,0,0
197,Boa comida  atendimento razo√°vel,32,0,0,0,0,0,0,0,0,0
198,Rod√≠zio de petiscos e de cerveja,32,0,0,0,0,0,0,0,0,0
199,Bom pra comer e beber muito,27,0,0,0,0,0,0,0,0,0
200,Boa op√ß√£o de bar em Bras√≠lia,28,0,0,0,0,0,0,0,0,0
201, Bom custo benef√≠cio !,22,0,0,0,0,0,0,0,0,0
202,Comida e atendimento √≥timos ,28,0,0,0,0,0,0,0,0,0
203,Atendimento TENEBROSO!!!‚ò†Ô∏è,26,0,0,0,0,0,0,0,0,0
204,Ainda estou esperando meu ice tea,33,0,0,0,0,0,0,0,0,0
205,Delicioso e com um pre√ßo muito bom,34,0,0,0,0,0,0,0,0,0
206,Excelente custo benef√≠cio ,26,0,0,0,0,0,0,0,0,0
207,Card√°pio bem variado ,21,0,0,0,0,0,0,0,0,0
208,Supermercado P√£o Dourado,24,0,0,0,0,0,0,0,0,0
209,Boas op√ß√µes pra todas as horas,30,0,0,0,0,0,0,0,0,0
210,Atendimento fraco e muitas moscas,33,0,0,0,0,0,0,0,0,0
211,Uma das melhores de Bras√≠lia,28,0,0,0,0,0,0,0,0,0
212,Padaria com toque de restaurante,32,0,0,0,0,0,0,0,0,0
213,Perfeito para toda fam√≠lia ,27,0,0,0,0,0,0,0,0,0
214,NOTA M√ÅXIMA!! üëèüèºüëèüèºüëèüèºüëèüèº,22,0,0,0,0,0,0,0,0,0
215,√ìtima pedida no almo√ßo,22,0,0,0,0,0,0,0,0,0
216,Nao dei nota 0 pois n√£o tem como.,33,0,0,0,0,0,0,0,0,0
217,Que atendimento maluco!!!,25,0,0,0,0,0,0,0,0,0
218,Pra beber com os amigos,23,0,0,0,0,0,0,0,0,0
219,Comida fria e carne queimada,28,0,0,0,0,0,0,0,0,0
220,Agrad√°vel e com bom atendimento,31,0,0,0,0,0,0,0,0,0
221,N√£o vejo motivos para voltar.,29,0,0,0,0,0,0,0,0,0
222,Demorou muito meu pedido ,25,0,0,0,0,0,0,0,0,0
223,Happy hour de domingo...,24,0,0,0,0,0,0,0,0,0
224,Bons petiscos a um bom pre√ßo,28,0,0,0,0,0,0,0,0,0
225,√Ä procura de happy hour???,26,0,0,0,0,0,0,0,0,0
226,Almo√ßo de dia das M√£es ,23,0,0,0,0,0,0,0,0,0
227,Gostei do suco de morango,25,0,0,0,0,0,0,0,0,0
228,Melhor Bife a Parmegiana,24,0,0,0,0,0,0,0,0,0
229,Promo√ß√£o todos os dias,22,0,0,0,0,0,0,0,0,0
230,Rod√≠zio de Parmegiana ,22,0,0,0,0,0,0,0,0,0
231,Boa op√ß√£o no almo√ßo e happy hour,32,0,0,0,0,0,0,0,0,0
232,√ìtima op√ß√£o de happy hour,25,0,0,0,0,0,0,0,0,0
233,comida e atendimento muito boa,30,0,0,0,0,0,0,0,0,0
234,Pre√ßo bom no happy hour,23,0,0,0,0,0,0,0,0,0
235,Simplicidade com qualidade,26,0,0,0,0,0,0,0,0,0
236,Alecrim Brasilia Teatro Nacional,32,0,0,0,0,0,0,0,0,0
237,Banana com Presunto e Queijo,28,0,0,0,0,0,0,0,0,0
238,"""Produtos de dar √°gua na boca""",30,0,0,0,0,0,0,0,0,0
239,Atendimento Lament√°vel!!,24,0,0,0,0,0,0,0,0,0
240,Delivery R√°pido  hamb√∫rguer normal,34,0,0,0,0,0,0,0,0,0
241,R√°pido  barato e eficiente,26,0,0,0,0,0,0,0,0,0
242,Atendimento pode melhorar,25,0,0,0,0,0,0,0,0,0
243,Quebra-galho da night como sempre!,34,0,0,0,0,0,0,0,0,0
244,Comida √°rabe e barata,21,0,0,0,0,0,0,0,0,0
245,Comida saud√°vel saborosa,24,0,0,0,0,0,0,0,0,0
246,√≥tima op√ß√£o de comida a quilo,29,0,0,0,0,0,0,0,0,0
247,Comer bem no dia-a-dia,22,0,0,0,0,0,0,0,0,0
248,Simples mais com boa comida,27,0,0,0,0,0,0,0,0,0
249,Comida gostosa e em conta,25,0,0,0,0,0,0,0,0,0
250,Card√°pio variado e em conta,27,0,0,0,0,0,0,0,0,0
251,Card√°pio diferenciado,21,0,0,0,0,0,0,0,0,0
252,carne de sol e feij√£o verde,27,0,0,0,0,0,0,0,0,0
253,Comida cara e de m√° qualidade.,30,0,0,0,0,0,0,0,0,0
254,Arroz e tomate com tomate seco,30,0,0,0,0,0,0,0,0,0
255,√≥timo custo beneficio!,22,0,0,0,0,0,0,0,0,0
256,Del√≠cia em forma de crepe,25,0,0,0,0,0,0,0,0,0
257,Nada de impressionante!,23,0,0,0,0,0,0,0,0,0
258,Custo beneficio sofr√≠vel ,25,0,0,0,0,0,0,0,0,0
259,Boas op√ß√µes gastron√¥micas,25,0,0,0,0,0,0,0,0,0
260,Fila de espera inexistente ,27,0,0,0,0,0,0,0,0,0
261,Excelentes: a qualidade e pre√ßo.,32,0,0,0,0,0,0,0,0,0
262,Pre√ßo honesto e prote√≠na saud√°vel ,34,0,0,0,0,0,0,0,0,0
263,A melhor Feijoada da Asa Norte,30,0,0,0,0,0,0,0,0,0
264,Comida t√≠pica nordestina,24,0,0,0,0,0,0,0,0,0
265,Bom para um caf√© da manh√£ farto,31,0,0,0,0,0,0,0,0,0
266,Boa comida e atendimento fraco,30,0,0,0,0,0,0,0,0,0
267,Caiu muito a qualidade,22,0,0,0,0,0,0,0,0,0
268,ambiente diferenciado,21,0,0,0,0,0,0,0,0,0
269,Boa comida  excelente atendimento!,34,0,0,0,0,0,0,0,0,0
270,Para todo tipo de gosto,23,0,0,0,0,0,0,0,0,0
271,Rod√≠zio a noite - boa op√ß√£o,27,0,0,0,0,0,0,0,0,0
272,Grosseria e engana√ß√£o,21,0,0,0,0,0,0,0,0,0
273,Comida boa  ambiente agrad√°vel,30,0,0,0,0,0,0,0,0,0
274,Op√ß√£o muito boa para o dia a dia,32,0,0,0,0,0,0,0,0,0
275,Salva√ß√£o na madrugada,21,0,0,0,0,0,0,0,0,0
276,Caf√© da manh√£ muito fraco!!,27,0,0,0,0,0,0,0,0,0
277,Escondidinho mas gostosinho ,28,0,0,0,0,0,0,0,0,0
278,Melhor cuscuz de Bras√≠lia,25,0,0,0,0,0,0,0,0,0
279,Boa comida e pre√ßo justo,24,0,0,0,0,0,0,0,0,0
280,Comida elaborada e lua cheia,28,0,0,0,0,0,0,0,0,0
281,Comer bem gastando pouco,24,0,0,0,0,0,0,0,0,0
282,Melhor a√ßai que j√° tomei na vida ,33,0,0,0,0,0,0,0,0,0
283,A√ßa√≠ Natural e Delicioso,24,0,0,0,0,0,0,0,0,0
284,Melhor A√ßa√≠ da Capital,22,0,0,0,0,0,0,0,0,0
285,Destaque para os bolos da casa,30,0,0,0,0,0,0,0,0,0
286,Um agrad√°vel achado. ,21,0,0,0,0,0,0,0,0,0
287,Um bom lugar par se tomar um caf√©,33,0,0,0,0,0,0,0,0,0
288,Excelente atendimento,21,0,0,0,0,0,0,0,0,0
289,Almo√ßo de Sexta com os Amigos,29,0,0,0,0,0,0,0,0,0
290,Normal como todo Giraffas,25,0,0,0,0,0,0,0,0,0
291,gosto muito do sanduiche deles,30,0,0,0,0,0,0,0,0,0
292,Melhor rotisseria de Bras√≠lia,29,0,0,0,0,0,0,0,0,0
293,Comida com gosto de casa!,25,0,0,0,0,0,0,0,0,0
294,N√£o h√° nada igual em Bras√≠lia,29,0,0,0,0,0,0,0,0,0
295,Estabelecimento n√£o existe mais,31,0,0,0,0,0,0,0,0,0
296,Muito caro para o que oferece,29,0,0,0,0,0,0,0,0,0
297,Comidinha caseira do dia-a-dia,30,0,0,0,0,0,0,0,0,0
298,Hamb√∫rguer muito gostoso,24,0,0,0,0,0,0,0,0,0
299,Boa pedida para o fds ...,25,0,0,0,0,0,0,0,0,0
300,Narguil√© muito bem executado! ,30,0,0,0,0,0,0,0,0,0
301,N√£o cheguei nem a ser atendida,30,0,0,0,0,0,0,0,0,0
302,Bem diferente e recomendavel,28,0,0,0,0,0,0,0,0,0
303,Qualidade e bom pre√ßo,21,0,0,0,0,0,0,0,0,0
304,Melhor Acaraj√© de Bras√≠lia,26,0,0,0,0,0,0,0,0,0
305,Card√°pio diferenciado,21,0,0,0,0,0,0,0,0,0
306,Ambiente muito agrad√°vel,24,0,0,0,0,0,0,0,0,0
307,Alimenta√ß√£o deliciosa,21,0,0,0,0,0,0,0,0,0
308,√ìtima pedida  mas com ressalvas.,32,0,0,0,0,0,0,0,0,0
309,Comida excelente a pre√ßo justo,30,0,0,0,0,0,0,0,0,0
310,Ambiente sem frescuras,22,0,0,0,0,0,0,0,0,0
311,Mais de 20 anos de tradi√ß√£o,27,0,0,0,0,0,0,0,0,0
312,Op√ß√£o de Menu Executivo,23,0,0,0,0,0,0,0,0,0
313,√ìtimo custo benef√≠cio,21,0,0,0,0,0,0,0,0,0
314,Cachorro quente gourmet,23,0,0,0,0,0,0,0,0,0
315,Agrad√°vel mudan√ßa de planos,27,0,0,0,0,0,0,0,0,0
316,Del√≠cia de Caf√© e atendimento,29,0,0,0,0,0,0,0,0,0
317,Restaurante maravilhoso,23,0,0,0,0,0,0,0,0,0
318,Pizza muito fina e oleosa.,26,0,0,0,0,0,0,0,0,0
319,Balada boa  divers√£o garantida ,31,0,0,0,0,0,0,0,0,0
320,N√£o sei nem se abriu de verdade ,32,0,0,0,0,0,0,0,0,0
321,Expectativa n√£o atendida ,25,0,0,0,0,0,0,0,0,0
322,Tem muito pra melhorar! ,24,0,0,0,0,0,0,0,0,0
323,A tem√°tica Impressiona,22,0,0,0,0,0,0,0,0,0
324,Excelente caf√© da manh√£ ,24,0,0,0,0,0,0,0,0,0
325,Pratos de camar√£o todo dia!,27,0,0,0,0,0,0,0,0,0
326,Boa op√ß√£o perto do Hotel MM,27,0,0,0,0,0,0,0,0,0
327,Comida Paraense sem muito sabor,31,0,0,0,0,0,0,0,0,0
328,Culin√°ria paraense de primeira!,31,0,0,0,0,0,0,0,0,0
329,Cuidado com a cobran√ßa !,24,0,0,0,0,0,0,0,0,0
330,Demorado e comida ruim,22,0,0,0,0,0,0,0,0,0
331,"""Carne de sol do sert√£o?""",25,0,0,0,0,0,0,0,0,0
332,Comemorar anivers√°rio!,22,0,0,0,0,0,0,0,0,0
333,Pratos caros  mas muito bons,28,0,0,0,0,0,0,0,0,0
334,Excelente e descontra√≠do. ,26,0,0,0,0,0,0,0,0,0
335,Vai no bolinho de bacalhau,26,0,0,0,0,0,0,0,0,0
336,Bom mas com certeza ir√° melhorar,32,0,0,0,0,0,0,0,0,0
337,Pastel com caldo de cana,24,0,0,0,0,0,0,0,0,0
338,Tem que melhorar MUITO,22,0,0,0,0,0,0,0,0,0
339,T√° dif√≠cil prestigiar...,24,0,0,0,0,0,0,0,0,0
340,Ambiente bacana e comida boa!,29,0,0,0,0,0,0,0,0,0
341,Um galeto mal passado  por favor,32,0,0,0,0,0,0,0,0,0
342,N√£o √© o que se espera.,22,0,0,0,0,0,0,0,0,0
343,Funcionarios despreparados,26,0,0,0,0,0,0,0,0,0
344,Perfeito para um lanche r√°pido,30,0,0,0,0,0,0,0,0,0
345,Excelente atendimento,21,0,0,0,0,0,0,0,0,0
346,Rod√≠zio de pizza e buffet ,26,0,0,0,0,0,0,0,0,0
347,Condiz com o pre√ßo ...,22,0,0,0,0,0,0,0,0,0
348,Boa comida! Gar√ßons atrapalhados!,33,0,0,0,0,0,0,0,0,0
349,Franccino maravilhoso ,22,0,0,0,0,0,0,0,0,0
